{
    "11": {
        "camera_matrix": [
            [570.1310900581637, 0.0, 341.5649459711496],
            [0.0, 570.9421787981064, 228.01302493129327],
            [0.0, 0.0, 1.0]
        ],
        "dist_coeffs": [
            0.25579427993768045,
            -1.539216272658274,
            -0.0064457700816294,
            0.002086880960893599,
            2.446134897474936
        ]
    }
}
